<form script="fim_decorations.js, fim_interface.js, fim_modal.js" stylesheet="fim_decorations.css">
  <label>File Integrity Monitoring Interface</label>
   <search id="actionSearch" depends="$perform_action$">
     <query>
       | outputlookup fim_hashtable
| append
    [ search index=logs-* sourcetype=fim checksum!="checksum"
    | rex field=_raw "^(?P&lt;type&gt;\w+)\s+(?P&lt;checksum&gt;[^ ]+)\s+(?P&lt;filename&gt;.+)"
    | search host IN ( "*" ) filename IN ( "*" )
    | stats latest(checksum) as expected by filename host ]
| outputlookup fim_hashtable
     </query>
    </search>
      <search id="auditSearch" depends="$perform_action$">
    <query>| inputlookup fim_auditlog
| append
    [ stats count
    | eval host="N/A"
    | eval filename="N/A"
    | eval expected="Performed bulk modification to hashtable"
    | eval username="$env:user_realname$"
    | eval created=now()
    | convert ctime(created) ]
| table host, filename, expected, username, created
| outputlookup fim_auditlog</query>
  </search>
  <search id="updateExpectedHashSearch" depends="$update_key_tok$, $update_host_tok$, $update_filename_tok$, $update_expected_tok$">
    <query>
            | inputlookup fim_hashtable | eval key=_key | WHERE key="$update_key_tok$"
            | eval host="$update_host_tok$"
            | eval filename="$update_filename_tok$"
            | eval expected="$update_expected_tok$"
            | outputlookup fim_hashtable append=t
        </query>
  </search>
  <search id="createAuditEntrySearch" depends="$create_host_tok$, $create_filename_tok$, $create_expected_tok$">
    <query>
            | inputlookup fim_auditlog | append [stats count | eval host="$create_host_tok$"
            | eval filename="$create_filename_tok$" | eval expected="$create_expected_tok$" | eval expected="Modified checksum to " + expected | eval username="$env:user_realname$" | eval created=now() | convert ctime(created) ]
            | table host, filename, expected, username, created
            | outputlookup fim_auditlog
        </query>
  </search>
  <fieldset submitButton="true" autoRun="true">
    <input type="time" token="timeselect" searchWhenChanged="true">
      <label></label>
      <default>
        <earliest>-24h@h</earliest>
        <latest>now</latest>
      </default>
    </input>
    <input type="multiselect" token="host" searchWhenChanged="true">
      <label>Hostname</label>
      <choice value="*">ALL</choice>
      <default>*</default>
      <initialValue>*</initialValue>
      <fieldForLabel>host</fieldForLabel>
      <fieldForValue>host</fieldForValue>
      <search>
        <query>index=logs-* sourcetype=fim | stats dc by host</query>
        <earliest>-24h@h</earliest>
        <latest>now</latest>
      </search>
      <valuePrefix>"</valuePrefix>
      <valueSuffix>"</valueSuffix>
      <delimiter>,</delimiter>
    </input>
    <input type="multiselect" token="filename" searchWhenChanged="true">
      <label>Filename</label>
      <choice value="*">ALL</choice>
      <default>*</default>
      <initialValue>*</initialValue>
      <valuePrefix>"</valuePrefix>
      <valueSuffix>"</valueSuffix>
      <delimiter>,</delimiter>
      <fieldForLabel>filename</fieldForLabel>
      <fieldForValue>filename</fieldForValue>
      <search>
        <query>index=logs-* sourcetype=fim host IN ( $host$) checksum!="checksum"
| rex field=_raw "^(?P&lt;type&gt;\w+)\s+(?P&lt;checksum&gt;[^ ]+)\s+(?P&lt;filename&gt;.+)" | stats dc by filename</query>
        <earliest>-24h@h</earliest>
        <latest>now</latest>
      </search>
    </input>
  </fieldset>
  <row>
    <panel id="bulk_actions">
      <html>
            <button class="btn btn-primary actionBtn" style="float:right;">Perform Bulk Rebase of Hashtable</button>
        </html>
    </panel>
  </row>
  <row>
    <panel>
      <title>Organizational Statistics</title>
      <single>
        <search>
          <query>index=logs-* sourcetype=fim checksum!="checksum"
| rex field=_raw "^(?P&lt;type&gt;\w+)\s+(?P&lt;checksum&gt;[^ ]+)\s+(?P&lt;filename&gt;.+)"
| stats latest(checksum) as current by filename host
| lookup
    fim_hashtable host filename output expected
| eval acknowledged=if(current!=expected,0,1)
| where acknowledged=0
| stats count
                    </query>
          <earliest>$timeselect.earliest$</earliest>
          <latest>$timeselect.latest$</latest>
          <sampleRatio>1</sampleRatio>
        </search>
        <option name="colorBy">value</option>
        <option name="colorMode">none</option>
        <option name="drilldown">none</option>
        <option name="numberPrecision">0</option>
        <option name="rangeColors">["0x65a637","0xd93f3c"]</option>
        <option name="rangeValues">[0]</option>
        <option name="refresh.display">progressbar</option>
        <option name="showSparkline">1</option>
        <option name="showTrendIndicator">1</option>
        <option name="trellis.enabled">0</option>
        <option name="trellis.scales.shared">1</option>
        <option name="trellis.size">medium</option>
        <option name="trendColorInterpretation">standard</option>
        <option name="trendDisplayMode">absolute</option>
        <option name="underLabel">MISMATCHED CHECKSUMS</option>
        <option name="unitPosition">after</option>
        <option name="useColors">1</option>
        <option name="useThousandSeparators">1</option>
      </single>
      <single>
        <search>
          <query>index=logs-* sourcetype=fim checksum!="checksum"
| rex field=_raw "^(?P&lt;type&gt;\w+)\s+(?P&lt;checksum&gt;[^ ]+)\s+(?P&lt;filename&gt;.+)"
                        | stats latest(checksum) as current by filename host
                        | lookup fim_hashtable host filename output expected
                        | eval acknowledged=if(current!=expected,0,1)
                        | where acknowledged=0
                        | stats count as mismatches
                        | eval compliant=if(mismatches&gt;0,"Non-Compliant","Compliant")
                        | fields compliant
                    </query>
          <earliest>$timeselect.earliest$</earliest>
          <latest>$timeselect.latest$</latest>
          <sampleRatio>1</sampleRatio>
        </search>
        <option name="colorBy">value</option>
        <option name="colorMode">none</option>
        <option name="drilldown">none</option>
        <option name="numberPrecision">0</option>
        <option name="rangeColors">["0x65a637","0x6db7c6"]</option>
        <option name="rangeValues">[0]</option>
        <option name="refresh.display">progressbar</option>
        <option name="showSparkline">1</option>
        <option name="showTrendIndicator">1</option>
        <option name="trellis.enabled">0</option>
        <option name="trellis.scales.shared">1</option>
        <option name="trellis.size">medium</option>
        <option name="trendColorInterpretation">standard</option>
        <option name="trendDisplayMode">absolute</option>
        <option name="unitPosition">after</option>
        <option name="useColors">0</option>
        <option name="useThousandSeparators">1</option>
        <option name="underLabel">CURRENT STATUS</option>
      </single>
      <single>
        <search>
          <query>index=logs-* sourcetype=fim checksum!="checksum"
| rex field=_raw "^(?P&lt;type&gt;\w+)\s+(?P&lt;checksum&gt;[^ ]+)\s+(?P&lt;filename&gt;.+)" | stats dc(filename)</query>
          <earliest>$timeselect.earliest$</earliest>
          <latest>$timeselect.latest$</latest>
          <sampleRatio>1</sampleRatio>
        </search>
        <option name="colorBy">value</option>
        <option name="colorMode">none</option>
        <option name="drilldown">none</option>
        <option name="numberPrecision">0</option>
        <option name="rangeColors">["0x65a637","0x6db7c6"]</option>
        <option name="rangeValues">[0]</option>
        <option name="refresh.display">progressbar</option>
        <option name="showSparkline">1</option>
        <option name="showTrendIndicator">1</option>
        <option name="trellis.enabled">0</option>
        <option name="trellis.scales.shared">1</option>
        <option name="trellis.size">medium</option>
        <option name="trendColorInterpretation">standard</option>
        <option name="trendDisplayMode">absolute</option>
        <option name="underLabel">FILES MONITORED</option>
        <option name="unitPosition">after</option>
        <option name="useColors">1</option>
        <option name="useThousandSeparators">1</option>
      </single>
    </panel>
  </row>
  <row>
    <panel>
      <title>File Checksum Status</title>
      <input type="dropdown" token="bool_status" searchWhenChanged="true">
       <label>Status Filter:</label>
        <choice value="">Show All</choice>
        <choice value="| where status=0">Only Mismatches</choice>
        <default></default>
      </input>
      <table id="fim_status">
        <search id="fimStatusSearch">
          <query>index=logs-* sourcetype=fim checksum!="checksum"
| rex field=_raw "^(?P&lt;type&gt;\w+)\s+(?P&lt;checksum&gt;[^ ]+)\s+(?P&lt;filename&gt;.+)" | search host IN ( $host$ ) filename IN ( $filename$ )
                        | stats latest(checksum) as current by filename host
                        | join host filename
                        [| inputlookup fim_hashtable | eval key=_key ]
                        | eval status=if(current!=expected,0,1) $bool_status$
                        | eval action=if(status=1," ","Update")
                        | table status, action, key, host, filename, expected, current | sort + status</query>
          <earliest>$timeselect.earliest$</earliest>
          <latest>$timeselect.latest$</latest>
          <sampleRatio>1</sampleRatio>
        </search>
        <option name="count">20</option>
        <option name="dataOverlayMode">none</option>
        <option name="drilldown">cell</option>
        <option name="percentagesRow">false</option>
        <option name="refresh.display">progressbar</option>
        <option name="rowNumbers">false</option>
        <option name="totalsRow">false</option>
        <option name="wrap">true</option>
      </table>
    </panel>
  </row>
  <row>
    <panel>
      <title>Compliancy Over Time</title>
      <chart>
        <search>
          <query>index=logs-* sourcetype=fim checksum!="checksum"
| rex field=_raw "^(?P&lt;type&gt;\w+)\s+(?P&lt;checksum&gt;[^ ]+)\s+(?P&lt;filename&gt;.+)" | search host IN ( $host$ ) filename IN ( $filename$ )
                        | stats values(checksum) as current by filename host _time
                        | join host filename
                        [| inputlookup fim_hashtable ]
                        | eval status=if(current!=expected,"Non-Compliant","Compliant")
                        | timechart count by status
                    </query>
          <earliest>$timeselect.earliest$</earliest>
          <latest>$timeselect.latest$</latest>
          <sampleRatio>1</sampleRatio>
        </search>
        <option name="charting.axisLabelsX.majorLabelStyle.overflowMode">ellipsisNone</option>
        <option name="charting.axisLabelsX.majorLabelStyle.rotation">0</option>
        <option name="charting.axisTitleX.visibility">visible</option>
        <option name="charting.axisTitleY.visibility">visible</option>
        <option name="charting.axisTitleY2.visibility">visible</option>
        <option name="charting.axisX.abbreviation">none</option>
        <option name="charting.axisX.scale">linear</option>
        <option name="charting.axisY.abbreviation">none</option>
        <option name="charting.axisY.scale">linear</option>
        <option name="charting.axisY2.abbreviation">none</option>
        <option name="charting.axisY2.enabled">0</option>
        <option name="charting.axisY2.scale">inherit</option>
        <option name="charting.chart">line</option>
        <option name="charting.chart.bubbleMaximumSize">50</option>
        <option name="charting.chart.bubbleMinimumSize">10</option>
        <option name="charting.chart.bubbleSizeBy">area</option>
        <option name="charting.chart.nullValueMode">gaps</option>
        <option name="charting.chart.showDataLabels">none</option>
        <option name="charting.chart.sliceCollapsingThreshold">0.01</option>
        <option name="charting.chart.stackMode">default</option>
        <option name="charting.chart.style">shiny</option>
        <option name="charting.drilldown">none</option>
        <option name="charting.layout.splitSeries">0</option>
        <option name="charting.layout.splitSeries.allowIndependentYRanges">0</option>
        <option name="charting.legend.labelStyle.overflowMode">ellipsisMiddle</option>
        <option name="charting.legend.mode">standard</option>
        <option name="charting.legend.placement">right</option>
        <option name="charting.lineWidth">2</option>
        <option name="trellis.enabled">0</option>
        <option name="trellis.scales.shared">1</option>
        <option name="trellis.size">medium</option>
      </chart>
    </panel>
  </row>
  <row>
    <panel>
      <title>FIM Modification Audit Log</title>
      <input type="multiselect" token="hostAudit" searchWhenChanged="true">
        <label>Hostname</label>
        <choice value="*">ALL</choice>
        <default>*</default>
        <initialValue>*</initialValue>
        <fieldForLabel>host</fieldForLabel>
        <fieldForValue>host</fieldForValue>
        <search>
          <query>index=logs-* sourcetype=fim | stats dc by host</query>
          <earliest>-24h@h</earliest>
          <latest>now</latest>
        </search>
        <valuePrefix>"</valuePrefix>
        <valueSuffix>"</valueSuffix>
        <delimiter>,</delimiter>
      </input>
      <input type="multiselect" token="filenameAudit" searchWhenChanged="true">
        <label>Filename</label>
        <choice value="*">ALL</choice>
        <default>*</default>
        <initialValue>*</initialValue>
        <valuePrefix>"</valuePrefix>
        <valueSuffix>"</valueSuffix>
        <delimiter>,</delimiter>
        <fieldForLabel>filename</fieldForLabel>
        <fieldForValue>filename</fieldForValue>
        <search>
          <query>index=logs-* sourcetype=fim host IN ( $host$) checksum!="checksum"
| rex field=_raw "^(?P&lt;type&gt;\w+)\s+(?P&lt;checksum&gt;[^ ]+)\s+(?P&lt;filename&gt;.+)" | stats dc by filename</query>
          <earliest>-24h@h</earliest>
          <latest>now</latest>
        </search>
      </input>
      <input type="multiselect" token="userAudit" searchWhenChanged="true">
        <label>Username</label>
        <choice value="*">ALL</choice>
        <default>*</default>
        <initialValue>*</initialValue>
        <valuePrefix>"</valuePrefix>
        <valueSuffix>"</valueSuffix>
        <delimiter>,</delimiter>
        <fieldForLabel>username</fieldForLabel>
        <fieldForValue>username</fieldForValue>
        <search>
          <query>| inputlookup fim_auditlog | search host IN ( $host$ ) | stats count by username</query>
          <earliest>-24h@h</earliest>
          <latest>now</latest>
        </search>
      </input>
      <table id="fim_audit_log">
        <search id="fimAuditSearch">
          <query>| inputlookup fim_auditlog
| fields created username host filename expected
| rename expected as "action performed" created as performed
| sort - performed</query>
          <earliest>$timeselect.earliest$</earliest>
          <latest>$timeselect.latest$</latest>
          <sampleRatio>1</sampleRatio>
        </search>
        <option name="count">20</option>
        <option name="dataOverlayMode">none</option>
        <option name="drilldown">none</option>
        <option name="percentagesRow">false</option>
        <option name="refresh.display">progressbar</option>
        <option name="rowNumbers">false</option>
        <option name="totalsRow">false</option>
        <option name="wrap">true</option>
      </table>
    </panel>
  </row>
</form>